date,hospital_id,opd_count,ipd_count,icu_count,occupied_beds,energy_kwh,diesel_liters,bmw_kg,staff_on_duty
01-01-2019,KEM,55472,7855,109,1833,458250,4582,21996,1521
01-02-2019,KEM,54932,7645,107,1784,446000,4460,21408,1549
01-03-2019,KEM,59301,7577,106,1768,442000,4420,21216,1111
01-04-2019,KEM,45487,7782,108,1816,454000,4540,21792,1004
01-05-2019,KEM,58017,7418,103,1731,432750,4327,20772,1008
01-06-2019,KEM,54980,8134,113,1898,474500,4745,22776,1350
01-07-2019,KEM,56873,7555,105,1763,440750,4407,21156,1287
01-08-2019,KEM,54609,7538,105,1759,439750,4397,21108,1445
01-09-2019,KEM,50300,7710,107,1799,449750,4497,21588,1407
01-10-2019,KEM,45226,7774,108,1814,453500,4535,21768,1138
01-11-2019,KEM,57213,7924,110,1849,462250,4622,22188,1242
01-12-2019,KEM,52200,7285,102,1700,425000,4250,20400,1311
01-01-2020,KEM,46332,7812,109,1823,455750,4557,21876,1348
01-02-2020,KEM,59690,7517,105,1754,438500,4385,21048,1488
01-03-2020,KEM,54510,7470,104,1743,435750,4357,20916,1263
01-04-2020,KEM,55205,7572,106,1767,441750,4417,21204,1468
01-05-2020,KEM,63878,7945,111,1854,463500,4635,22248,1834
01-06-2020,KEM,52621,7817,109,1824,456000,4560,21888,1883
01-07-2020,KEM,65051,7701,107,1797,449250,4492,21564,1387
01-08-2020,KEM,54568,7735,108,1805,451250,4512,21660,1533
01-09-2020,KEM,58258,7650,107,1785,446250,4462,21420,1830
01-10-2020,KEM,53427,7478,104,1745,436250,4362,20940,1618
01-11-2020,KEM,59137,7560,105,1764,441000,4410,21168,1575
01-12-2020,KEM,54406,7508,105,1752,438000,4380,21024,1414
01-01-2021,KEM,57718,7795,109,1819,454750,4547,21828,1323
01-02-2021,KEM,53883,7302,102,1704,426000,4260,20448,1208
01-03-2021,KEM,58522,7667,107,1789,447250,4472,21468,1380
01-04-2021,KEM,55831,7787,109,1817,454250,4542,21804,1317
01-05-2021,KEM,70105,7731,108,1804,451000,4510,21648,1551
01-06-2021,KEM,49676,7701,107,1797,449250,4492,21564,2025
01-07-2021,KEM,51134,7941,111,1853,463250,4632,22236,1476
01-08-2021,KEM,68571,7881,110,1839,459750,4597,22068,1272
01-09-2021,KEM,53417,7740,108,1806,451500,4515,21672,1238
01-10-2021,KEM,58913,7405,103,1728,432000,4320,20736,1227
01-11-2021,KEM,54438,7487,104,1747,436750,4367,20964,1236
01-12-2021,KEM,63602,7778,108,1815,453750,4537,21780,1175
01-01-2022,KEM,60647,7787,109,1817,454250,4542,21804,1125
01-02-2022,KEM,57920,7864,110,1835,458750,4587,22020,1395
01-03-2022,KEM,57556,7517,105,1754,438500,4385,21048,1162
01-04-2022,KEM,58915,8250,115,1925,481250,4812,23100,1154
01-05-2022,KEM,60677,7431,104,1734,433500,4335,20808,1226
01-06-2022,KEM,58571,7992,111,1865,466250,4662,22380,1671
01-07-2022,KEM,52010,7641,106,1783,445750,4457,21396,1247
01-08-2022,KEM,58168,7688,107,1794,448500,4485,21528,1494
01-09-2022,KEM,64426,7714,108,1800,450000,4500,21600,1564
01-10-2022,KEM,51428,7894,110,1842,460500,4605,22104,1190
01-11-2022,KEM,60266,7645,107,1784,446000,4460,21408,1292
01-12-2022,KEM,47728,7465,104,1742,435500,4355,20904,1316
01-01-2023,KEM,49242,7774,108,1814,453500,4535,21768,1381
01-02-2023,KEM,57114,7457,104,1740,435000,4350,20880,1239
01-03-2023,KEM,59404,7817,109,1824,456000,4560,21888,1374
01-04-2023,KEM,50974,7315,102,1707,426750,4267,20484,1240
01-05-2023,KEM,77921,7860,110,1834,458500,4585,22008,1331
01-06-2023,KEM,59914,7988,111,1864,466000,4660,22368,1449
01-07-2023,KEM,54917,7487,104,1747,436750,4367,20964,1336
01-08-2023,KEM,45746,8382,117,1956,489000,4890,23472,1425
01-09-2023,KEM,62375,7577,106,1768,442000,4420,21216,1325
01-10-2023,KEM,60072,7504,105,1751,437750,4377,21012,1178
01-11-2023,KEM,52584,7727,108,1803,450750,4507,21636,1519
01-12-2023,KEM,57298,7127,99,1663,415750,4157,19956,1262
01-01-2024,KEM,55604,7482,104,1746,436500,4365,20952,1422
01-02-2024,KEM,54368,7362,103,1718,429500,4295,20616,1209
01-03-2024,KEM,58528,8224,115,1919,479750,4797,23028,1160
01-04-2024,KEM,62057,8327,116,1943,485750,4857,23316,1064
01-05-2024,KEM,52269,8078,113,1885,471250,4712,22620,1314
01-06-2024,KEM,55915,7444,104,1737,434250,4342,20844,983
01-07-2024,KEM,49231,7637,106,1782,445500,4455,21384,1468
01-08-2024,KEM,56985,7585,106,1770,442500,4425,21240,1443
01-09-2024,KEM,56307,8048,112,1878,469500,4695,22536,1355
01-10-2024,KEM,52873,7770,108,1813,453250,4532,21756,1243
01-11-2024,KEM,59974,7744,108,1807,451750,4517,21684,1330
01-12-2024,KEM,45269,8327,116,1943,485750,4857,23316,1409
01-01-2019,NAIR,39853,5888,82,1374,343500,3435,16488,970
01-02-2019,NAIR,46110,5695,79,1329,332250,3322,15948,987
01-03-2019,NAIR,43806,6021,84,1405,351250,3512,16860,1007
01-04-2019,NAIR,40119,5644,79,1317,329250,3292,15804,968
01-05-2019,NAIR,42998,5820,81,1358,339500,3395,16296,963
01-06-2019,NAIR,41640,5944,83,1387,346750,3467,16644,1113
01-07-2019,NAIR,45957,6008,84,1402,350500,3505,16824,1193
01-08-2019,NAIR,41181,5974,83,1394,348500,3485,16728,1097
01-09-2019,NAIR,45029,5845,81,1364,341000,3410,16368,1098
01-10-2019,NAIR,37339,5605,78,1308,327000,3270,15696,1056
01-11-2019,NAIR,45170,5961,83,1391,347750,3477,16692,916
01-12-2019,NAIR,39622,5841,81,1363,340750,3407,16356,1077
01-01-2020,NAIR,41134,5644,79,1317,329250,3292,15804,993
01-02-2020,NAIR,43535,5648,79,1318,329500,3295,15816,983
01-03-2020,NAIR,43486,5721,80,1335,333750,3337,16020,734
01-04-2020,NAIR,41592,5670,79,1323,330750,3307,15876,1418
01-05-2020,NAIR,41820,6012,84,1403,350750,3507,16836,1260
01-06-2020,NAIR,41273,5824,81,1359,339750,3397,16308,1253
01-07-2020,NAIR,49014,5940,83,1386,346500,3465,16632,1302
01-08-2020,NAIR,40794,5978,83,1395,348750,3487,16740,1316
01-09-2020,NAIR,39214,5845,81,1364,341000,3410,16368,1311
01-10-2020,NAIR,46576,6145,86,1434,358500,3585,17208,1319
01-11-2020,NAIR,43279,6017,84,1404,351000,3510,16848,1305
01-12-2020,NAIR,39952,5644,79,1317,329250,3292,15804,959
01-01-2021,NAIR,43139,5661,79,1321,330250,3302,15852,1113
01-02-2021,NAIR,40048,6034,84,1408,352000,3520,16896,974
01-03-2021,NAIR,50283,5537,77,1292,323000,3230,15504,938
01-04-2021,NAIR,48253,5451,76,1272,318000,3180,15264,1191
01-05-2021,NAIR,39952,5477,76,1278,319500,3195,15336,1138
01-06-2021,NAIR,45147,5730,80,1337,334250,3342,16044,1243
01-07-2021,NAIR,44686,5854,81,1366,341500,3415,16392,1062
01-08-2021,NAIR,47930,5490,76,1281,320250,3202,15372,1018
01-09-2021,NAIR,42991,6167,86,1439,359750,3597,17268,1202
01-10-2021,NAIR,49960,6278,87,1465,366250,3662,17580,1014
01-11-2021,NAIR,48316,5965,83,1392,348000,3480,16704,916
01-12-2021,NAIR,35025,6055,84,1413,353250,3532,16956,834
01-01-2022,NAIR,45549,5768,80,1346,336500,3365,16152,1125
01-02-2022,NAIR,36634,6184,86,1443,360750,3607,17316,893
01-03-2022,NAIR,42361,5910,82,1379,344750,3447,16548,754
01-04-2022,NAIR,45346,5541,77,1293,323250,3232,15516,862
01-05-2022,NAIR,37998,5712,79,1333,333250,3332,15996,930
01-06-2022,NAIR,44642,5610,78,1309,327250,3272,15708,958
01-07-2022,NAIR,38100,5802,81,1354,338500,3385,16248,952
01-08-2022,NAIR,42649,6257,87,1460,365000,3650,17520,1052
01-09-2022,NAIR,41560,5802,81,1354,338500,3385,16248,1154
01-10-2022,NAIR,40052,5708,79,1332,333000,3330,15984,812
01-11-2022,NAIR,48309,5494,76,1282,320500,3205,15384,1029
01-12-2022,NAIR,43822,5952,83,1389,347250,3472,16668,1338
01-01-2023,NAIR,38438,5798,81,1353,338250,3382,16236,883
01-02-2023,NAIR,36455,5661,79,1321,330250,3302,15852,889
01-03-2023,NAIR,46246,6197,86,1446,361500,3615,17352,999
01-04-2023,NAIR,38839,5841,81,1363,340750,3407,16356,1039
01-05-2023,NAIR,41691,5601,78,1307,326750,3267,15684,764
01-06-2023,NAIR,50615,6030,84,1407,351750,3517,16884,987
01-07-2023,NAIR,40429,5682,79,1326,331500,3315,15912,956
01-08-2023,NAIR,38968,5837,81,1362,340500,3405,16344,1084
01-09-2023,NAIR,38642,5772,80,1347,336750,3367,16164,1046
01-10-2023,NAIR,38345,5935,83,1385,346250,3462,16620,1001
01-11-2023,NAIR,44809,5460,76,1274,318500,3185,15288,894
01-12-2023,NAIR,34829,5661,79,1321,330250,3302,15852,864
01-01-2024,NAIR,38656,5884,82,1373,343250,3432,16476,974
01-02-2024,NAIR,37353,5811,81,1356,339000,3390,16272,954
01-03-2024,NAIR,40865,5640,78,1316,329000,3290,15792,930
01-04-2024,NAIR,37698,6008,84,1402,350500,3505,16824,1023
01-05-2024,NAIR,39113,5284,73,1233,308250,3082,14796,888
01-06-2024,NAIR,39933,5905,82,1378,344500,3445,16536,1069
01-07-2024,NAIR,43581,6081,85,1419,354750,3547,17028,1093
01-08-2024,NAIR,40661,5721,80,1335,333750,3337,16020,1063
01-09-2024,NAIR,51320,5888,82,1374,343500,3435,16488,1124
01-10-2024,NAIR,40765,6090,85,1421,355250,3552,17052,771
01-11-2024,NAIR,41006,5417,75,1264,316000,3160,15168,992
01-12-2024,NAIR,41568,5897,82,1376,344000,3440,16512,959
01-01-2019,JJ,40390,5185,72,1210,302500,3025,14520,831
01-02-2019,JJ,35942,5207,72,1215,303750,3037,14580,1045
01-03-2019,JJ,38430,5177,72,1208,302000,3020,14496,736
01-04-2019,JJ,34289,5301,74,1237,309250,3092,14844,793
01-05-2019,JJ,38751,5232,73,1221,305250,3052,14652,847
01-06-2019,JJ,33829,5087,71,1187,296750,2967,14244,916
01-07-2019,JJ,34041,5288,74,1234,308500,3085,14808,1086
01-08-2019,JJ,44537,5220,73,1218,304500,3045,14616,831
01-09-2019,JJ,43110,4795,67,1119,279750,2797,13428,949
01-10-2019,JJ,33279,5194,72,1212,303000,3030,14544,1012
01-11-2019,JJ,40221,5160,72,1204,301000,3010,14448,880
01-12-2019,JJ,39268,4988,69,1164,291000,2910,13968,1073
01-01-2020,JJ,35582,5447,76,1271,317750,3177,15252,837
01-02-2020,JJ,41603,5151,72,1202,300500,3005,14424,826
01-03-2020,JJ,35899,5108,71,1192,298000,2980,14304,668
01-04-2020,JJ,37774,5301,74,1237,309250,3092,14844,982
01-05-2020,JJ,43758,5074,71,1184,296000,2960,14208,1037
01-06-2020,JJ,36477,5091,71,1188,297000,2970,14256,875
01-07-2020,JJ,40110,5095,71,1189,297250,2972,14268,1350
01-08-2020,JJ,33350,5087,71,1187,296750,2967,14244,1350
01-09-2020,JJ,37409,5142,72,1200,300000,3000,14400,1135
01-10-2020,JJ,35449,5031,70,1174,293500,2935,14088,964
01-11-2020,JJ,37899,5001,70,1167,291750,2917,14004,1043
01-12-2020,JJ,41593,4628,64,1080,270000,2700,12960,995
01-01-2021,JJ,36107,5074,71,1184,296000,2960,14208,751
01-02-2021,JJ,44071,4928,69,1150,287500,2875,13800,992
01-03-2021,JJ,33266,5280,73,1232,308000,3080,14784,791
01-04-2021,JJ,40173,4907,68,1145,286250,2862,13740,971
01-05-2021,JJ,39165,5275,73,1231,307750,3077,14772,1076
01-06-2021,JJ,39809,4932,69,1151,287750,2877,13812,1230
01-07-2021,JJ,32808,5202,72,1214,303500,3035,14568,1003
01-08-2021,JJ,41433,5040,70,1176,294000,2940,14112,814
01-09-2021,JJ,39772,4838,67,1129,282250,2822,13548,887
01-10-2021,JJ,43861,4740,66,1106,276500,2765,13272,813
01-11-2021,JJ,38996,5035,70,1175,293750,2937,14100,871
01-12-2021,JJ,38063,5164,72,1205,301250,3012,14460,861
01-01-2022,JJ,31086,5198,72,1213,303250,3032,14556,826
01-02-2022,JJ,36810,5172,72,1207,301750,3017,14484,907
01-03-2022,JJ,34581,5035,70,1175,293750,2937,14100,760
01-04-2022,JJ,31115,5220,73,1218,304500,3045,14616,888
01-05-2022,JJ,41185,5190,72,1211,302750,3027,14532,951
01-06-2022,JJ,32701,4787,67,1117,279250,2792,13404,860
01-07-2022,JJ,34778,5241,73,1223,305750,3057,14676,925
01-08-2022,JJ,32225,5022,70,1172,293000,2930,14064,800
01-09-2022,JJ,41451,4954,69,1156,289000,2890,13872,962
01-10-2022,JJ,38193,5237,73,1222,305500,3055,14664,814
01-11-2022,JJ,37957,5031,70,1174,293500,2935,14088,992
01-12-2022,JJ,34863,5361,75,1251,312750,3127,15012,984
01-01-2023,JJ,44296,5018,70,1171,292750,2927,14052,900
01-02-2023,JJ,41147,5262,73,1228,307000,3070,14736,869
01-03-2023,JJ,36571,5001,70,1167,291750,2917,14004,803
01-04-2023,JJ,32492,5172,72,1207,301750,3017,14484,847
01-05-2023,JJ,41552,5250,73,1225,306250,3062,14700,877
01-06-2023,JJ,31271,5125,71,1196,299000,2990,14352,978
01-07-2023,JJ,32712,5194,72,1212,303000,3030,14544,906
01-08-2023,JJ,40055,5134,71,1198,299500,2995,14376,940
01-09-2023,JJ,35564,5322,74,1242,310500,3105,14904,939
01-10-2023,JJ,36340,5057,70,1180,295000,2950,14160,824
01-11-2023,JJ,34145,5382,75,1256,314000,3140,15072,826
01-12-2023,JJ,38237,5421,75,1265,316250,3162,15180,914
01-01-2024,JJ,40836,5194,72,1212,303000,3030,14544,945
01-02-2024,JJ,42785,5040,70,1176,294000,2940,14112,1021
01-03-2024,JJ,42950,5052,70,1179,294750,2947,14148,864
01-04-2024,JJ,36443,5061,70,1181,295250,2952,14172,671
01-05-2024,JJ,34620,4945,69,1154,288500,2885,13848,786
01-06-2024,JJ,33756,5438,76,1269,317250,3172,15228,1030
01-07-2024,JJ,40030,5130,71,1197,299250,2992,14364,868
01-08-2024,JJ,39346,5172,72,1207,301750,3017,14484,1080
01-09-2024,JJ,35508,5018,70,1171,292750,2927,14052,855
01-10-2024,JJ,41958,5018,70,1171,292750,2927,14052,894
01-11-2024,JJ,39267,4980,69,1162,290500,2905,13944,812
01-12-2024,JJ,31815,5181,72,1209,302250,3022,14508,1091
01-01-2019,SION,17302,3655,36,731,160820,1462,8041,522
01-02-2019,SION,21618,3845,38,769,169180,1538,8459,488
01-03-2019,SION,16684,3540,35,708,155760,1416,7788,482
01-04-2019,SION,18402,3670,36,734,161480,1468,8074,477
01-05-2019,SION,17044,4125,41,825,181500,1650,9075,484
01-06-2019,SION,21324,3850,38,770,169400,1540,8470,560
01-07-2019,SION,19995,3835,38,767,168740,1534,8437,594
01-08-2019,SION,20104,3910,39,782,172040,1564,8602,630
01-09-2019,SION,18264,3720,37,744,163680,1488,8184,563
01-10-2019,SION,17291,3805,38,761,167420,1522,8371,516
01-11-2019,SION,18083,3775,37,755,166100,1510,8305,445
01-12-2019,SION,21893,3845,38,769,169180,1538,8459,508
01-01-2020,SION,20839,3785,37,757,166540,1514,8327,514
01-02-2020,SION,18335,3840,38,768,168960,1536,8448,501
01-03-2020,SION,16152,3910,39,782,172040,1564,8602,454
01-04-2020,SION,15258,3925,39,785,172700,1570,8635,659
01-05-2020,SION,17881,3980,39,796,175120,1592,8756,712
01-06-2020,SION,14042,3530,35,706,155320,1412,7766,632
01-07-2020,SION,19275,3595,35,719,158180,1438,7909,626
01-08-2020,SION,19570,3555,35,711,156420,1422,7821,658
01-09-2020,SION,16073,4025,40,805,177100,1610,8855,567
01-10-2020,SION,18438,3740,37,748,164560,1496,8228,574
01-11-2020,SION,20598,3560,35,712,156640,1424,7832,589
01-12-2020,SION,18822,3800,38,760,167200,1520,8360,657
01-01-2021,SION,20392,3845,38,769,169180,1538,8459,542
01-02-2021,SION,20592,3735,37,747,164340,1494,8217,524
01-03-2021,SION,15424,3740,37,748,164560,1496,8228,444
01-04-2021,SION,16825,3875,38,775,170500,1550,8525,526
01-05-2021,SION,13637,3680,36,736,161920,1472,8096,532
01-06-2021,SION,18765,3865,38,773,170060,1546,8503,653
01-07-2021,SION,15914,3745,37,749,164780,1498,8239,628
01-08-2021,SION,18048,3715,37,743,163460,1486,8173,488
01-09-2021,SION,16772,3710,37,742,163240,1484,8162,485
01-10-2021,SION,19153,4015,40,803,176660,1606,8833,488
01-11-2021,SION,19664,3955,39,791,174020,1582,8701,479
01-12-2021,SION,18708,3850,38,770,169400,1540,8470,570
01-01-2022,SION,17036,3905,39,781,171820,1562,8591,580
01-02-2022,SION,16759,4060,40,812,178640,1624,8932,609
01-03-2022,SION,17129,3650,36,730,160600,1460,8030,448
01-04-2022,SION,16967,3825,38,765,168300,1530,8415,509
01-05-2022,SION,18785,4005,40,801,176220,1602,8811,476
01-06-2022,SION,16158,3840,38,768,168960,1536,8448,488
01-07-2022,SION,19164,3805,38,761,167420,1522,8371,562
01-08-2022,SION,15364,3565,35,713,156860,1426,7843,562
01-09-2022,SION,17174,4000,40,800,176000,1600,8800,602
01-10-2022,SION,19590,3720,37,744,163680,1488,8184,463
01-11-2022,SION,20484,3970,39,794,174680,1588,8734,479
01-12-2022,SION,18469,3820,38,764,168080,1528,8404,474
01-01-2023,SION,20110,3745,37,749,164780,1498,8239,521
01-02-2023,SION,12872,3865,38,773,170060,1546,8503,515
01-03-2023,SION,15984,3695,36,739,162580,1478,8129,429
01-04-2023,SION,18623,3675,36,735,161700,1470,8085,460
01-05-2023,SION,15690,3760,37,752,165440,1504,8272,481
01-06-2023,SION,17229,3515,35,703,154660,1406,7733,608
01-07-2023,SION,17371,3695,36,739,162580,1478,8129,574
01-08-2023,SION,18774,3805,38,761,167420,1522,8371,593
01-09-2023,SION,17646,3710,37,742,163240,1484,8162,531
01-10-2023,SION,18093,3855,38,771,169620,1542,8481,513
01-11-2023,SION,14403,3760,37,752,165440,1504,8272,525
01-12-2023,SION,12786,3895,38,779,171380,1558,8569,601
01-01-2024,SION,16128,3915,39,783,172260,1566,8613,517
01-02-2024,SION,21445,3655,36,731,160820,1462,8041,500
01-03-2024,SION,18892,3880,38,776,170720,1552,8536,478
01-04-2024,SION,17896,4110,41,822,180840,1644,9042,511
01-05-2024,SION,20136,3915,39,783,172260,1566,8613,462
01-06-2024,SION,15936,3995,39,799,175780,1598,8789,547
01-07-2024,SION,18591,3740,37,748,164560,1496,8228,562
01-08-2024,SION,18816,3990,39,798,175560,1596,8778,570
01-09-2024,SION,15790,3925,39,785,172700,1570,8635,597
01-10-2024,SION,20476,3705,37,741,163020,1482,8151,474
01-11-2024,SION,18028,3720,37,744,163680,1488,8184,405
01-12-2024,SION,16475,3985,39,797,175340,1594,8767,431
01-01-2019,HINDUJA,10932,2555,25,511,112420,1022,5621,418
01-02-2019,HINDUJA,15438,2550,25,510,112200,1020,5610,372
01-03-2019,HINDUJA,15486,2360,23,472,103840,944,5192,247
01-04-2019,HINDUJA,15674,2730,27,546,120120,1092,6006,372
01-05-2019,HINDUJA,13675,2685,26,537,118140,1074,5907,347
01-06-2019,HINDUJA,12521,2635,26,527,115940,1054,5797,349
01-07-2019,HINDUJA,12476,2445,24,489,107580,978,5379,316
01-08-2019,HINDUJA,14353,2640,26,528,116160,1056,5808,373
01-09-2019,HINDUJA,13785,2520,25,504,110880,1008,5544,336
01-10-2019,HINDUJA,11379,2680,26,536,117920,1072,5896,320
01-11-2019,HINDUJA,13002,2560,25,512,112640,1024,5632,296
01-12-2019,HINDUJA,13296,2620,26,524,115280,1048,5764,387
01-01-2020,HINDUJA,12058,2635,26,527,115940,1054,5797,370
01-02-2020,HINDUJA,12651,2630,26,526,115720,1052,5786,325
01-03-2020,HINDUJA,14804,2475,24,495,108900,990,5445,270
01-04-2020,HINDUJA,13727,2545,25,509,111980,1018,5599,473
01-05-2020,HINDUJA,12951,2550,25,510,112200,1020,5610,471
01-06-2020,HINDUJA,12990,2500,25,500,110000,1000,5500,473
01-07-2020,HINDUJA,12436,2605,26,521,114620,1042,5731,448
01-08-2020,HINDUJA,15385,2725,27,545,119900,1090,5995,410
01-09-2020,HINDUJA,15850,2615,26,523,115060,1046,5753,456
01-10-2020,HINDUJA,11902,2800,28,560,123200,1120,6160,471
01-11-2020,HINDUJA,12343,2585,25,517,113740,1034,5687,362
01-12-2020,HINDUJA,11057,2555,25,511,112420,1022,5621,407
01-01-2021,HINDUJA,10639,2645,26,529,116380,1058,5819,382
01-02-2021,HINDUJA,13071,2415,24,483,106260,966,5313,353
01-03-2021,HINDUJA,13127,2800,28,560,123200,1120,6160,310
01-04-2021,HINDUJA,12695,2680,26,536,117920,1072,5896,417
01-05-2021,HINDUJA,10818,2640,26,528,116160,1056,5808,394
01-06-2021,HINDUJA,14157,2545,25,509,111980,1018,5599,540
01-07-2021,HINDUJA,12201,2510,25,502,110440,1004,5522,407
01-08-2021,HINDUJA,13095,2865,28,573,126060,1146,6303,393
01-09-2021,HINDUJA,12407,2635,26,527,115940,1054,5797,417
01-10-2021,HINDUJA,10922,2540,25,508,111760,1016,5588,289
01-11-2021,HINDUJA,9887,2505,25,501,110220,1002,5511,381
01-12-2021,HINDUJA,13656,2620,26,524,115280,1048,5764,356
01-01-2022,HINDUJA,12234,2720,27,544,119680,1088,5984,376
01-02-2022,HINDUJA,13849,2550,25,510,112200,1020,5610,333
01-03-2022,HINDUJA,11467,2680,26,536,117920,1072,5896,323
01-04-2022,HINDUJA,13198,2735,27,547,120340,1094,6017,339
01-05-2022,HINDUJA,13302,2770,27,554,121880,1108,6094,307
01-06-2022,HINDUJA,12215,2510,25,502,110440,1004,5522,347
01-07-2022,HINDUJA,13267,2630,26,526,115720,1052,5786,384
01-08-2022,HINDUJA,10110,2630,26,526,115720,1052,5786,346
01-09-2022,HINDUJA,13355,2495,24,499,109780,998,5489,437
01-10-2022,HINDUJA,14478,2600,26,520,114400,1040,5720,333
01-11-2022,HINDUJA,12218,2560,25,512,112640,1024,5632,324
01-12-2022,HINDUJA,12603,2640,26,528,116160,1056,5808,392
01-01-2023,HINDUJA,10729,2720,27,544,119680,1088,5984,302
01-02-2023,HINDUJA,12316,2480,24,496,109120,992,5456,286
01-03-2023,HINDUJA,13556,2680,26,536,117920,1072,5896,268
01-04-2023,HINDUJA,13093,2565,25,513,112860,1026,5643,281
01-05-2023,HINDUJA,13329,2620,26,524,115280,1048,5764,306
01-06-2023,HINDUJA,12400,2750,27,550,121000,1100,6050,366
01-07-2023,HINDUJA,11485,2575,25,515,113300,1030,5665,399
01-08-2023,HINDUJA,10566,2480,24,496,109120,992,5456,405
01-09-2023,HINDUJA,13910,2550,25,510,112200,1020,5610,385
01-10-2023,HINDUJA,11985,2695,26,539,118580,1078,5929,387
01-11-2023,HINDUJA,12977,2700,27,540,118800,1080,5940,406
01-12-2023,HINDUJA,11650,2625,26,525,115500,1050,5775,357
01-01-2024,HINDUJA,12772,2835,28,567,124740,1134,6237,363
01-02-2024,HINDUJA,11375,2480,24,496,109120,992,5456,367
01-03-2024,HINDUJA,13276,2515,25,503,110660,1006,5533,354
01-04-2024,HINDUJA,11646,2725,27,545,119900,1090,5995,310
01-05-2024,HINDUJA,12283,2590,25,518,113960,1036,5698,361
01-06-2024,HINDUJA,15327,2670,26,534,117480,1068,5874,377
01-07-2024,HINDUJA,12938,2630,26,526,115720,1052,5786,433
01-08-2024,HINDUJA,13951,2680,26,536,117920,1072,5896,354
01-09-2024,HINDUJA,10122,2515,25,503,110660,1006,5533,405
01-10-2024,HINDUJA,12251,2600,26,520,114400,1040,5720,357
01-11-2024,HINDUJA,11865,2715,27,543,119460,1086,5973,342
01-12-2024,HINDUJA,14625,2595,25,519,114180,1038,5709,382
01-01-2019,LILAVATI,5475,1506,10,251,45180,401,2510,145
01-02-2019,LILAVATI,4580,1494,9,249,44820,398,2490,150
01-03-2019,LILAVATI,4910,1548,10,258,46440,412,2580,154
01-04-2019,LILAVATI,6174,1482,9,247,44460,395,2470,129
01-05-2019,LILAVATI,5086,1512,10,252,45360,403,2520,156
01-06-2019,LILAVATI,4300,1458,9,243,43740,388,2430,149
01-07-2019,LILAVATI,5188,1428,9,238,42840,380,2380,181
01-08-2019,LILAVATI,5117,1392,9,232,41760,371,2320,165
01-09-2019,LILAVATI,4907,1458,9,243,43740,388,2430,153
01-10-2019,LILAVATI,5105,1458,9,243,43740,388,2430,129
01-11-2019,LILAVATI,4717,1512,10,252,45360,403,2520,161
01-12-2019,LILAVATI,5356,1482,9,247,44460,395,2470,122
01-01-2020,LILAVATI,5518,1368,9,228,41040,364,2280,157
01-02-2020,LILAVATI,4990,1434,9,239,43020,382,2390,184
01-03-2020,LILAVATI,5492,1596,10,266,47880,425,2660,157
01-04-2020,LILAVATI,4629,1518,10,253,45540,404,2530,186
01-05-2020,LILAVATI,4677,1458,9,243,43740,388,2430,216
01-06-2020,LILAVATI,5623,1470,9,245,44100,392,2450,172
01-07-2020,LILAVATI,3985,1422,9,237,42660,379,2370,186
01-08-2020,LILAVATI,5209,1560,10,260,46800,416,2600,197
01-09-2020,LILAVATI,5185,1542,10,257,46260,411,2570,183
01-10-2020,LILAVATI,5433,1446,9,241,43380,385,2410,210
01-11-2020,LILAVATI,4351,1434,9,239,43020,382,2390,155
01-12-2020,LILAVATI,4827,1488,9,248,44640,396,2480,161
01-01-2021,LILAVATI,4638,1500,10,250,45000,400,2500,118
01-02-2021,LILAVATI,5768,1464,9,244,43920,390,2440,166
01-03-2021,LILAVATI,5129,1428,9,238,42840,380,2380,124
01-04-2021,LILAVATI,5501,1518,10,253,45540,404,2530,175
01-05-2021,LILAVATI,4494,1410,9,235,42300,376,2350,172
01-06-2021,LILAVATI,4506,1524,10,254,45720,406,2540,233
01-07-2021,LILAVATI,4533,1464,9,244,43920,390,2440,134
01-08-2021,LILAVATI,4762,1512,10,252,45360,403,2520,166
01-09-2021,LILAVATI,4640,1368,9,228,41040,364,2280,153
01-10-2021,LILAVATI,4235,1488,9,248,44640,396,2480,148
01-11-2021,LILAVATI,5470,1368,9,228,41040,364,2280,124
01-12-2021,LILAVATI,5462,1482,9,247,44460,395,2470,139
01-01-2022,LILAVATI,5239,1494,9,249,44820,398,2490,151
01-02-2022,LILAVATI,4942,1416,9,236,42480,377,2360,116
01-03-2022,LILAVATI,5342,1494,9,249,44820,398,2490,105
01-04-2022,LILAVATI,5908,1506,10,251,45180,401,2510,132
01-05-2022,LILAVATI,5573,1458,9,243,43740,388,2430,122
01-06-2022,LILAVATI,4432,1434,9,239,43020,382,2390,172
01-07-2022,LILAVATI,4776,1488,9,248,44640,396,2480,144
01-08-2022,LILAVATI,4861,1524,10,254,45720,406,2540,184
01-09-2022,LILAVATI,4531,1488,9,248,44640,396,2480,164
01-10-2022,LILAVATI,4195,1476,9,246,44280,393,2460,148
01-11-2022,LILAVATI,5429,1584,10,264,47520,422,2640,151
01-12-2022,LILAVATI,5317,1470,9,245,44100,392,2450,150
01-01-2023,LILAVATI,5404,1428,9,238,42840,380,2380,142
01-02-2023,LILAVATI,5107,1404,9,234,42120,374,2340,163
01-03-2023,LILAVATI,5591,1470,9,245,44100,392,2450,137
01-04-2023,LILAVATI,5109,1398,9,233,41940,372,2330,136
01-05-2023,LILAVATI,6168,1542,10,257,46260,411,2570,147
01-06-2023,LILAVATI,4726,1482,9,247,44460,395,2470,162
01-07-2023,LILAVATI,5545,1476,9,246,44280,393,2460,155
01-08-2023,LILAVATI,4842,1548,10,258,46440,412,2580,131
01-09-2023,LILAVATI,4888,1548,10,258,46440,412,2580,146
01-10-2023,LILAVATI,5167,1518,10,253,45540,404,2530,139
01-11-2023,LILAVATI,4448,1440,9,240,43200,384,2400,156
01-12-2023,LILAVATI,5645,1542,10,257,46260,411,2570,163
01-01-2024,LILAVATI,4888,1494,9,249,44820,398,2490,143
01-02-2024,LILAVATI,5481,1392,9,232,41760,371,2320,143
01-03-2024,LILAVATI,4773,1482,9,247,44460,395,2470,139
01-04-2024,LILAVATI,4240,1524,10,254,45720,406,2540,152
01-05-2024,LILAVATI,4567,1404,9,234,42120,374,2340,139
01-06-2024,LILAVATI,5139,1488,9,248,44640,396,2480,178
01-07-2024,LILAVATI,4781,1494,9,249,44820,398,2490,185
01-08-2024,LILAVATI,4422,1458,9,243,43740,388,2430,172
01-09-2024,LILAVATI,5315,1332,8,222,39960,355,2220,145
01-10-2024,LILAVATI,4993,1488,9,248,44640,396,2480,148
01-11-2024,LILAVATI,4772,1500,10,250,45000,400,2500,157
01-12-2024,LILAVATI,5432,1410,9,235,42300,376,2350,147
01-01-2019,NANAVATI,5800,1488,9,248,44640,396,2480,146
01-02-2019,NANAVATI,4751,1464,9,244,43920,390,2440,147
01-03-2019,NANAVATI,4376,1398,9,233,41940,372,2330,154
01-04-2019,NANAVATI,4817,1458,9,243,43740,388,2430,143
01-05-2019,NANAVATI,5016,1410,9,235,42300,376,2350,146
01-06-2019,NANAVATI,5390,1476,9,246,44280,393,2460,129
01-07-2019,NANAVATI,4002,1428,9,238,42840,380,2380,175
01-08-2019,NANAVATI,5366,1458,9,243,43740,388,2430,191
01-09-2019,NANAVATI,5263,1572,10,262,47160,419,2620,152
01-10-2019,NANAVATI,4486,1452,9,242,43560,387,2420,164
01-11-2019,NANAVATI,5170,1476,9,246,44280,393,2460,155
01-12-2019,NANAVATI,4995,1428,9,238,42840,380,2380,131
01-01-2020,NANAVATI,4881,1428,9,238,42840,380,2380,138
01-02-2020,NANAVATI,4859,1380,9,230,41400,368,2300,133
01-03-2020,NANAVATI,4185,1470,9,245,44100,392,2450,127
01-04-2020,NANAVATI,5556,1488,9,248,44640,396,2480,168
01-05-2020,NANAVATI,5228,1458,9,243,43740,388,2430,191
01-06-2020,NANAVATI,4509,1446,9,241,43380,385,2410,206
01-07-2020,NANAVATI,4870,1584,10,264,47520,422,2640,173
01-08-2020,NANAVATI,4123,1356,9,226,40680,361,2260,193
01-09-2020,NANAVATI,5338,1368,9,228,41040,364,2280,179
01-10-2020,NANAVATI,5339,1566,10,261,46980,417,2610,164
01-11-2020,NANAVATI,4547,1332,8,222,39960,355,2220,152
01-12-2020,NANAVATI,4937,1458,9,243,43740,388,2430,171
01-01-2021,NANAVATI,5116,1476,9,246,44280,393,2460,147
01-02-2021,NANAVATI,4909,1458,9,243,43740,388,2430,160
01-03-2021,NANAVATI,5040,1530,10,255,45900,408,2550,133
01-04-2021,NANAVATI,4953,1392,9,232,41760,371,2320,169
01-05-2021,NANAVATI,3977,1458,9,243,43740,388,2430,168
01-06-2021,NANAVATI,4396,1476,9,246,44280,393,2460,218
01-07-2021,NANAVATI,5109,1530,10,255,45900,408,2550,168
01-08-2021,NANAVATI,5350,1392,9,232,41760,371,2320,162
01-09-2021,NANAVATI,4777,1554,10,259,46620,414,2590,169
01-10-2021,NANAVATI,5297,1458,9,243,43740,388,2430,137
01-11-2021,NANAVATI,4085,1548,10,258,46440,412,2580,167
01-12-2021,NANAVATI,4698,1398,9,233,41940,372,2330,133
01-01-2022,NANAVATI,5282,1446,9,241,43380,385,2410,177
01-02-2022,NANAVATI,4797,1434,9,239,43020,382,2390,124
01-03-2022,NANAVATI,5691,1530,10,255,45900,408,2550,120
01-04-2022,NANAVATI,5037,1464,9,244,43920,390,2440,129
01-05-2022,NANAVATI,4892,1440,9,240,43200,384,2400,140
01-06-2022,NANAVATI,4846,1440,9,240,43200,384,2400,154
01-07-2022,NANAVATI,5683,1452,9,242,43560,387,2420,163
01-08-2022,NANAVATI,4736,1512,10,252,45360,403,2520,180
01-09-2022,NANAVATI,5119,1458,9,243,43740,388,2430,131
01-10-2022,NANAVATI,4970,1392,9,232,41760,371,2320,175
01-11-2022,NANAVATI,5145,1506,10,251,45180,401,2510,120
01-12-2022,NANAVATI,4595,1416,9,236,42480,377,2360,143
01-01-2023,NANAVATI,5266,1344,8,224,40320,358,2240,134
01-02-2023,NANAVATI,4449,1596,10,266,47880,425,2660,123
01-03-2023,NANAVATI,5859,1536,10,256,46080,409,2560,127
01-04-2023,NANAVATI,4848,1440,9,240,43200,384,2400,150
01-05-2023,NANAVATI,5129,1482,9,247,44460,395,2470,148
01-06-2023,NANAVATI,4708,1488,9,248,44640,396,2480,161
01-07-2023,NANAVATI,4718,1506,10,251,45180,401,2510,166
01-08-2023,NANAVATI,4874,1536,10,256,46080,409,2560,148
01-09-2023,NANAVATI,4579,1410,9,235,42300,376,2350,159
01-10-2023,NANAVATI,6437,1332,8,222,39960,355,2220,149
01-11-2023,NANAVATI,5039,1464,9,244,43920,390,2440,152
01-12-2023,NANAVATI,4943,1500,10,250,45000,400,2500,149
01-01-2024,NANAVATI,5455,1452,9,242,43560,387,2420,134
01-02-2024,NANAVATI,4995,1506,10,251,45180,401,2510,149
01-03-2024,NANAVATI,5364,1536,10,256,46080,409,2560,132
01-04-2024,NANAVATI,4223,1404,9,234,42120,374,2340,131
01-05-2024,NANAVATI,5151,1530,10,255,45900,408,2550,149
01-06-2024,NANAVATI,5111,1428,9,238,42840,380,2380,173
01-07-2024,NANAVATI,5247,1542,10,257,46260,411,2570,176
01-08-2024,NANAVATI,4467,1464,9,244,43920,390,2440,151
01-09-2024,NANAVATI,4829,1422,9,237,42660,379,2370,144
01-10-2024,NANAVATI,5004,1350,9,225,40500,360,2250,131
01-11-2024,NANAVATI,5359,1506,10,251,45180,401,2510,121
01-12-2024,NANAVATI,4439,1416,9,236,42480,377,2360,156
01-01-2019,BOMBAY,10794,2780,27,556,122320,1112,6116,374
01-02-2019,BOMBAY,13874,2815,28,563,123860,1126,6193,396
01-03-2019,BOMBAY,13748,2470,24,494,108680,988,5434,390
01-04-2019,BOMBAY,12836,2835,28,567,124740,1134,6237,348
01-05-2019,BOMBAY,14182,2865,28,573,126060,1146,6303,426
01-06-2019,BOMBAY,12812,2855,28,571,125620,1142,6281,370
01-07-2019,BOMBAY,12947,2730,27,546,120120,1092,6006,384
01-08-2019,BOMBAY,15013,2715,27,543,119460,1086,5973,396
01-09-2019,BOMBAY,13709,2775,27,555,122100,1110,6105,408
01-10-2019,BOMBAY,13089,2735,27,547,120340,1094,6017,304
01-11-2019,BOMBAY,14680,2755,27,551,121220,1102,6061,367
01-12-2019,BOMBAY,13314,2905,29,581,127820,1162,6391,398
01-01-2020,BOMBAY,12713,2840,28,568,124960,1136,6248,307
01-02-2020,BOMBAY,14750,2970,29,594,130680,1188,6534,449
01-03-2020,BOMBAY,13766,2820,28,564,124080,1128,6204,320
01-04-2020,BOMBAY,15125,2880,28,576,126720,1152,6336,485
01-05-2020,BOMBAY,14311,2810,28,562,123640,1124,6182,388
01-06-2020,BOMBAY,11852,2750,27,550,121000,1100,6050,456
01-07-2020,BOMBAY,15460,2760,27,552,121440,1104,6072,499
01-08-2020,BOMBAY,11962,2880,28,576,126720,1152,6336,528
01-09-2020,BOMBAY,12052,2885,28,577,126940,1154,6347,447
01-10-2020,BOMBAY,12282,2850,28,570,125400,1140,6270,427
01-11-2020,BOMBAY,15717,2675,26,535,117700,1070,5885,404
01-12-2020,BOMBAY,14314,2775,27,555,122100,1110,6105,432
01-01-2021,BOMBAY,12147,2815,28,563,123860,1126,6193,394
01-02-2021,BOMBAY,12157,2785,27,557,122540,1114,6127,299
01-03-2021,BOMBAY,14559,3080,30,616,135520,1232,6776,353
01-04-2021,BOMBAY,14238,2815,28,563,123860,1126,6193,425
01-05-2021,BOMBAY,14469,2890,28,578,127160,1156,6358,467
01-06-2021,BOMBAY,14298,2885,28,577,126940,1154,6347,501
01-07-2021,BOMBAY,15591,2820,28,564,124080,1128,6204,337
01-08-2021,BOMBAY,13568,2830,28,566,124520,1132,6226,415
01-09-2021,BOMBAY,15511,2785,27,557,122540,1114,6127,335
01-10-2021,BOMBAY,11281,2800,28,560,123200,1120,6160,384
01-11-2021,BOMBAY,13811,2810,28,562,123640,1124,6182,314
01-12-2021,BOMBAY,13071,2770,27,554,121880,1108,6094,429
01-01-2022,BOMBAY,13832,2685,26,537,118140,1074,5907,410
01-02-2022,BOMBAY,12129,2990,29,598,131560,1196,6578,345
01-03-2022,BOMBAY,14129,2785,27,557,122540,1114,6127,366
01-04-2022,BOMBAY,13704,2775,27,555,122100,1110,6105,350
01-05-2022,BOMBAY,13749,2630,26,526,115720,1052,5786,385
01-06-2022,BOMBAY,13017,2790,27,558,122760,1116,6138,423
01-07-2022,BOMBAY,15570,2560,25,512,112640,1024,5632,337
01-08-2022,BOMBAY,14294,2760,27,552,121440,1104,6072,356
01-09-2022,BOMBAY,11659,3040,30,608,133760,1216,6688,412
01-10-2022,BOMBAY,13525,2860,28,572,125840,1144,6292,353
01-11-2022,BOMBAY,13242,3015,30,603,132660,1206,6633,369
01-12-2022,BOMBAY,14137,2700,27,540,118800,1080,5940,426
01-01-2023,BOMBAY,13499,2775,27,555,122100,1110,6105,351
01-02-2023,BOMBAY,12889,2910,29,582,128040,1164,6402,379
01-03-2023,BOMBAY,13410,2760,27,552,121440,1104,6072,391
01-04-2023,BOMBAY,12625,2770,27,554,121880,1108,6094,356
01-05-2023,BOMBAY,15283,2735,27,547,120340,1094,6017,364
01-06-2023,BOMBAY,14860,2600,26,520,114400,1040,5720,381
01-07-2023,BOMBAY,14705,2590,25,518,113960,1036,5698,363
01-08-2023,BOMBAY,12212,2810,28,562,123640,1124,6182,403
01-09-2023,BOMBAY,14288,2820,28,564,124080,1128,6204,431
01-10-2023,BOMBAY,13640,2990,29,598,131560,1196,6578,322
01-11-2023,BOMBAY,14744,2790,27,558,122760,1116,6138,382
01-12-2023,BOMBAY,13483,2645,26,529,116380,1058,5819,339
01-01-2024,BOMBAY,12931,2910,29,582,128040,1164,6402,310
01-02-2024,BOMBAY,14045,2860,28,572,125840,1144,6292,400
01-03-2024,BOMBAY,15109,2885,28,577,126940,1154,6347,302
01-04-2024,BOMBAY,13389,2755,27,551,121220,1102,6061,339
01-05-2024,BOMBAY,13546,2735,27,547,120340,1094,6017,291
01-06-2024,BOMBAY,11949,2885,28,577,126940,1154,6347,440
01-07-2024,BOMBAY,12585,2615,26,523,115060,1046,5753,405
01-08-2024,BOMBAY,14123,2760,27,552,121440,1104,6072,419
01-09-2024,BOMBAY,15420,2745,27,549,120780,1098,6039,476
01-10-2024,BOMBAY,12408,2820,28,564,124080,1128,6204,345
01-11-2024,BOMBAY,15392,2855,28,571,125620,1142,6281,353
01-12-2024,BOMBAY,12152,2930,29,586,128920,1172,6446,382
01-01-2019,JASLOK,7341,1818,12,303,54540,484,3030,186
01-02-2019,JASLOK,6097,1716,11,286,51480,457,2860,185
01-03-2019,JASLOK,5878,1692,11,282,50760,451,2820,166
01-04-2019,JASLOK,5254,1740,11,290,52200,464,2900,142
01-05-2019,JASLOK,6036,1710,11,285,51300,456,2850,175
01-06-2019,JASLOK,5974,1674,11,279,50220,446,2790,163
01-07-2019,JASLOK,6075,1728,11,288,51840,460,2880,179
01-08-2019,JASLOK,5400,1566,10,261,46980,417,2610,194
01-09-2019,JASLOK,5627,1716,11,286,51480,457,2860,178
01-10-2019,JASLOK,5835,1728,11,288,51840,460,2880,167
01-11-2019,JASLOK,6214,1524,10,254,45720,406,2540,143
01-12-2019,JASLOK,5380,1728,11,288,51840,460,2880,195
01-01-2020,JASLOK,4835,1728,11,288,51840,460,2880,194
01-02-2020,JASLOK,5680,1650,11,275,49500,440,2750,149
01-03-2020,JASLOK,4842,1602,10,267,48060,427,2670,140
01-04-2020,JASLOK,6458,1632,10,272,48960,435,2720,193
01-05-2020,JASLOK,6292,1596,10,266,47880,425,2660,210
01-06-2020,JASLOK,5880,1686,11,281,50580,449,2810,255
01-07-2020,JASLOK,4857,1650,11,275,49500,440,2750,212
01-08-2020,JASLOK,5063,1608,10,268,48240,428,2680,219
01-09-2020,JASLOK,5175,1680,11,280,50400,448,2800,204
01-10-2020,JASLOK,6179,1740,11,290,52200,464,2900,161
01-11-2020,JASLOK,5235,1572,10,262,47160,419,2620,174
01-12-2020,JASLOK,5037,1608,10,268,48240,428,2680,206
01-01-2021,JASLOK,5699,1626,10,271,48780,433,2710,160
01-02-2021,JASLOK,6350,1800,12,300,54000,480,3000,166
01-03-2021,JASLOK,4956,1734,11,289,52020,462,2890,180
01-04-2021,JASLOK,5086,1596,10,266,47880,425,2660,215
01-05-2021,JASLOK,5790,1716,11,286,51480,457,2860,195
01-06-2021,JASLOK,6254,1752,11,292,52560,467,2920,236
01-07-2021,JASLOK,5887,1566,10,261,46980,417,2610,183
01-08-2021,JASLOK,5412,1758,11,293,52740,468,2930,184
01-09-2021,JASLOK,5502,1674,11,279,50220,446,2790,181
01-10-2021,JASLOK,6062,1668,11,278,50040,444,2780,144
01-11-2021,JASLOK,6373,1800,12,300,54000,480,3000,156
01-12-2021,JASLOK,5747,1638,10,273,49140,436,2730,172
01-01-2022,JASLOK,5213,1620,10,270,48600,432,2700,150
01-02-2022,JASLOK,5199,1674,11,279,50220,446,2790,195
01-03-2022,JASLOK,5734,1638,10,273,49140,436,2730,162
01-04-2022,JASLOK,6015,1680,11,280,50400,448,2800,150
01-05-2022,JASLOK,6096,1740,11,290,52200,464,2900,148
01-06-2022,JASLOK,5482,1728,11,288,51840,460,2880,224
01-07-2022,JASLOK,4826,1620,10,270,48600,432,2700,190
01-08-2022,JASLOK,6413,1662,11,277,49860,443,2770,167
01-09-2022,JASLOK,6562,1632,10,272,48960,435,2720,200
01-10-2022,JASLOK,6081,1638,10,273,49140,436,2730,155
01-11-2022,JASLOK,4524,1680,11,280,50400,448,2800,157
01-12-2022,JASLOK,6408,1644,10,274,49320,438,2740,159
01-01-2023,JASLOK,5443,1656,11,276,49680,441,2760,185
01-02-2023,JASLOK,6142,1716,11,286,51480,457,2860,164
01-03-2023,JASLOK,5137,1596,10,266,47880,425,2660,198
01-04-2023,JASLOK,4859,1578,10,263,47340,420,2630,160
01-05-2023,JASLOK,5457,1716,11,286,51480,457,2860,157
01-06-2023,JASLOK,4357,1686,11,281,50580,449,2810,171
01-07-2023,JASLOK,7271,1692,11,282,50760,451,2820,185
01-08-2023,JASLOK,5870,1746,11,291,52380,465,2910,197
01-09-2023,JASLOK,4966,1824,12,304,54720,486,3040,187
01-10-2023,JASLOK,5085,1716,11,286,51480,457,2860,156
01-11-2023,JASLOK,6114,1746,11,291,52380,465,2910,149
01-12-2023,JASLOK,4895,1626,10,271,48780,433,2710,164
01-01-2024,JASLOK,5842,1854,12,309,55620,494,3090,156
01-02-2024,JASLOK,6769,1752,11,292,52560,467,2920,139
01-03-2024,JASLOK,5818,1812,12,302,54360,483,3020,153
01-04-2024,JASLOK,5601,1488,9,248,44640,396,2480,157
01-05-2024,JASLOK,5647,1602,10,267,48060,427,2670,141
01-06-2024,JASLOK,5371,1614,10,269,48420,430,2690,170
01-07-2024,JASLOK,5468,1740,11,290,52200,464,2900,172
01-08-2024,JASLOK,5571,1656,11,276,49680,441,2760,206
01-09-2024,JASLOK,6158,1782,11,297,53460,475,2970,208
01-10-2024,JASLOK,5817,1704,11,284,51120,454,2840,173
01-11-2024,JASLOK,5249,1758,11,293,52740,468,2930,147
01-12-2024,JASLOK,5564,1620,10,270,48600,432,2700,182
01-01-2019,BREACH,2011,967,3,129,18060,154,1032,67
01-02-2019,BREACH,2042,945,3,126,17640,151,1008,75
01-03-2019,BREACH,2123,885,3,118,16520,141,944,55
01-04-2019,BREACH,1963,945,3,126,17640,151,1008,53
01-05-2019,BREACH,2254,1012,4,135,18900,162,1080,64
01-06-2019,BREACH,1998,960,3,128,17920,153,1024,81
01-07-2019,BREACH,2016,937,3,125,17500,150,1000,82
01-08-2019,BREACH,2157,1005,4,134,18760,160,1072,82
01-09-2019,BREACH,1827,990,3,132,18480,158,1056,87
01-10-2019,BREACH,1904,952,3,127,17780,152,1016,70
01-11-2019,BREACH,2062,982,3,131,18340,157,1048,81
01-12-2019,BREACH,2188,982,3,131,18340,157,1048,67
01-01-2020,BREACH,1956,1050,4,140,19600,168,1120,67
01-02-2020,BREACH,1843,922,3,123,17220,147,984,63
01-03-2020,BREACH,2180,975,3,130,18200,156,1040,64
01-04-2020,BREACH,2206,997,3,133,18620,159,1064,92
01-05-2020,BREACH,2178,922,3,123,17220,147,984,94
01-06-2020,BREACH,1820,915,3,122,17080,146,976,88
01-07-2020,BREACH,1726,990,3,132,18480,158,1056,91
01-08-2020,BREACH,2125,997,3,133,18620,159,1064,89
01-09-2020,BREACH,1892,982,3,131,18340,157,1048,75
01-10-2020,BREACH,1687,990,3,132,18480,158,1056,81
01-11-2020,BREACH,1939,1005,4,134,18760,160,1072,83
01-12-2020,BREACH,2063,990,3,132,18480,158,1056,82
01-01-2021,BREACH,2122,1005,4,134,18760,160,1072,66
01-02-2021,BREACH,1973,967,3,129,18060,154,1032,78
01-03-2021,BREACH,1737,1020,4,136,19040,163,1088,73
01-04-2021,BREACH,2218,990,3,132,18480,158,1056,102
01-05-2021,BREACH,2209,982,3,131,18340,157,1048,84
01-06-2021,BREACH,2312,952,3,127,17780,152,1016,97
01-07-2021,BREACH,1720,990,3,132,18480,158,1056,70
01-08-2021,BREACH,2177,997,3,133,18620,159,1064,73
01-09-2021,BREACH,1898,1057,4,141,19740,169,1128,77
01-10-2021,BREACH,2000,1057,4,141,19740,169,1128,81
01-11-2021,BREACH,1902,937,3,125,17500,150,1000,79
01-12-2021,BREACH,1824,997,3,133,18620,159,1064,81
01-01-2022,BREACH,2068,952,3,127,17780,152,1016,83
01-02-2022,BREACH,2092,990,3,132,18480,158,1056,74
01-03-2022,BREACH,1940,855,3,114,15960,136,912,58
01-04-2022,BREACH,1959,990,3,132,18480,158,1056,79
01-05-2022,BREACH,1969,952,3,127,17780,152,1016,61
01-06-2022,BREACH,1848,982,3,131,18340,157,1048,71
01-07-2022,BREACH,1839,997,3,133,18620,159,1064,79
01-08-2022,BREACH,2164,982,3,131,18340,157,1048,77
01-09-2022,BREACH,1960,945,3,126,17640,151,1008,70
01-10-2022,BREACH,1690,960,3,128,17920,153,1024,63
01-11-2022,BREACH,1951,960,3,128,17920,153,1024,68
01-12-2022,BREACH,1870,1012,4,135,18900,162,1080,62
01-01-2023,BREACH,1929,952,3,127,17780,152,1016,62
01-02-2023,BREACH,2036,952,3,127,17780,152,1016,72
01-03-2023,BREACH,1814,952,3,127,17780,152,1016,60
01-04-2023,BREACH,1642,997,3,133,18620,159,1064,64
01-05-2023,BREACH,2538,982,3,131,18340,157,1048,63
01-06-2023,BREACH,1644,967,3,129,18060,154,1032,71
01-07-2023,BREACH,1890,1012,4,135,18900,162,1080,73
01-08-2023,BREACH,1935,1050,4,140,19600,168,1120,93
01-09-2023,BREACH,2073,990,3,132,18480,158,1056,71
01-10-2023,BREACH,2169,960,3,128,17920,153,1024,62
01-11-2023,BREACH,2340,967,3,129,18060,154,1032,73
01-12-2023,BREACH,1926,1012,4,135,18900,162,1080,60
01-01-2024,BREACH,1945,1042,4,139,19460,166,1112,71
01-02-2024,BREACH,2325,1057,4,141,19740,169,1128,86
01-03-2024,BREACH,1696,982,3,131,18340,157,1048,67
01-04-2024,BREACH,1780,982,3,131,18340,157,1048,58
01-05-2024,BREACH,1892,945,3,126,17640,151,1008,63
01-06-2024,BREACH,2044,922,3,123,17220,147,984,78
01-07-2024,BREACH,1953,937,3,125,17500,150,1000,82
01-08-2024,BREACH,2096,945,3,126,17640,151,1008,70
01-09-2024,BREACH,1938,990,3,132,18480,158,1056,68
01-10-2024,BREACH,2245,997,3,133,18620,159,1064,66
01-11-2024,BREACH,1883,877,3,117,16380,140,936,61
01-12-2024,BREACH,1866,930,3,124,17360,148,992,71
01-01-2019,SAIFEE,1969,1087,4,145,20300,174,1160,82
01-02-2019,SAIFEE,2375,1057,4,141,19740,169,1128,86
01-03-2019,SAIFEE,2595,1192,4,159,22260,190,1272,71
01-04-2019,SAIFEE,2553,1260,5,168,23520,201,1344,97
01-05-2019,SAIFEE,2931,1095,4,146,20440,175,1168,75
01-06-2019,SAIFEE,2393,1215,4,162,22680,194,1296,91
01-07-2019,SAIFEE,2687,1132,4,151,21140,181,1208,83
01-08-2019,SAIFEE,2814,1192,4,159,22260,190,1272,91
01-09-2019,SAIFEE,2689,1177,4,157,21980,188,1256,107
01-10-2019,SAIFEE,2667,1207,4,161,22540,193,1288,90
01-11-2019,SAIFEE,2686,1177,4,157,21980,188,1256,81
01-12-2019,SAIFEE,2563,1222,4,163,22820,195,1304,89
01-01-2020,SAIFEE,2746,1305,5,174,24360,208,1392,96
01-02-2020,SAIFEE,2738,1162,4,155,21700,186,1240,100
01-03-2020,SAIFEE,2442,1177,4,157,21980,188,1256,67
01-04-2020,SAIFEE,2383,1267,5,169,23660,202,1352,123
01-05-2020,SAIFEE,2213,1230,4,164,22960,196,1312,100
01-06-2020,SAIFEE,2092,1207,4,161,22540,193,1288,128
01-07-2020,SAIFEE,2880,1245,4,166,23240,199,1328,115
01-08-2020,SAIFEE,2440,1267,5,169,23660,202,1352,119
01-09-2020,SAIFEE,2347,1170,4,156,21840,187,1248,101
01-10-2020,SAIFEE,2435,1282,5,171,23940,205,1368,103
01-11-2020,SAIFEE,2567,1110,4,148,20720,177,1184,82
01-12-2020,SAIFEE,2996,1140,4,152,21280,182,1216,112
01-01-2021,SAIFEE,2288,1282,5,171,23940,205,1368,96
01-02-2021,SAIFEE,2818,1230,4,164,22960,196,1312,96
01-03-2021,SAIFEE,2259,1125,4,150,21000,180,1200,77
01-04-2021,SAIFEE,3102,1155,4,154,21560,184,1232,117
01-05-2021,SAIFEE,2446,1222,4,163,22820,195,1304,96
01-06-2021,SAIFEE,2189,1230,4,164,22960,196,1312,125
01-07-2021,SAIFEE,2284,1110,4,148,20720,177,1184,95
01-08-2021,SAIFEE,2166,1245,4,166,23240,199,1328,91
01-09-2021,SAIFEE,2382,1275,5,170,23800,204,1360,102
01-10-2021,SAIFEE,2150,1140,4,152,21280,182,1216,82
01-11-2021,SAIFEE,1791,1132,4,151,21140,181,1208,80
01-12-2021,SAIFEE,2384,1282,5,171,23940,205,1368,93
01-01-2022,SAIFEE,2402,1110,4,148,20720,177,1184,89
01-02-2022,SAIFEE,2508,1185,4,158,22120,189,1264,68
01-03-2022,SAIFEE,2254,1237,4,165,23100,198,1320,83
01-04-2022,SAIFEE,2542,1192,4,159,22260,190,1272,72
01-05-2022,SAIFEE,2539,1252,5,167,23380,200,1336,78
01-06-2022,SAIFEE,1987,1252,5,167,23380,200,1336,102
01-07-2022,SAIFEE,2799,1237,4,165,23100,198,1320,81
01-08-2022,SAIFEE,2304,1200,4,160,22400,192,1280,102
01-09-2022,SAIFEE,2551,1185,4,158,22120,189,1264,82
01-10-2022,SAIFEE,2416,1230,4,164,22960,196,1312,82
01-11-2022,SAIFEE,2580,1132,4,151,21140,181,1208,93
01-12-2022,SAIFEE,2673,1230,4,164,22960,196,1312,87
01-01-2023,SAIFEE,2907,1230,4,164,22960,196,1312,92
01-02-2023,SAIFEE,2638,1260,5,168,23520,201,1344,91
01-03-2023,SAIFEE,2535,1282,5,171,23940,205,1368,65
01-04-2023,SAIFEE,2577,1207,4,161,22540,193,1288,84
01-05-2023,SAIFEE,2535,1102,4,147,20580,176,1176,68
01-06-2023,SAIFEE,2604,1207,4,161,22540,193,1288,93
01-07-2023,SAIFEE,2645,1275,5,170,23800,204,1360,98
01-08-2023,SAIFEE,2713,1177,4,157,21980,188,1256,110
01-09-2023,SAIFEE,2590,1177,4,157,21980,188,1256,85
01-10-2023,SAIFEE,2032,1237,4,165,23100,198,1320,76
01-11-2023,SAIFEE,2197,1200,4,160,22400,192,1280,87
01-12-2023,SAIFEE,2311,1207,4,161,22540,193,1288,104
01-01-2024,SAIFEE,2346,1185,4,158,22120,189,1264,90
01-02-2024,SAIFEE,2684,1207,4,161,22540,193,1288,80
01-03-2024,SAIFEE,2397,1222,4,163,22820,195,1304,79
01-04-2024,SAIFEE,2873,1117,4,149,20860,178,1192,79
01-05-2024,SAIFEE,2244,1267,5,169,23660,202,1352,83
01-06-2024,SAIFEE,1968,1260,5,168,23520,201,1344,92
01-07-2024,SAIFEE,2617,1237,4,165,23100,198,1320,86
01-08-2024,SAIFEE,2275,1207,4,161,22540,193,1288,98
01-09-2024,SAIFEE,2406,1050,4,140,19600,168,1120,74
01-10-2024,SAIFEE,2527,1147,4,153,21420,183,1224,92
01-11-2024,SAIFEE,2613,1177,4,157,21980,188,1256,77
01-12-2024,SAIFEE,2062,1147,4,153,21420,183,1224,85
01-01-2019,APOLLO,12075,2610,26,522,114840,1044,5742,338
01-02-2019,APOLLO,13577,2485,24,497,109340,994,5467,307
01-03-2019,APOLLO,11968,2470,24,494,108680,988,5434,343
01-04-2019,APOLLO,13257,2725,27,545,119900,1090,5995,292
01-05-2019,APOLLO,14276,2540,25,508,111760,1016,5588,297
01-06-2019,APOLLO,14905,2715,27,543,119460,1086,5973,383
01-07-2019,APOLLO,11821,2860,28,572,125840,1144,6292,312
01-08-2019,APOLLO,10227,2695,26,539,118580,1078,5929,378
01-09-2019,APOLLO,13136,2640,26,528,116160,1056,5808,409
01-10-2019,APOLLO,11746,2525,25,505,111100,1010,5555,322
01-11-2019,APOLLO,13168,2715,27,543,119460,1086,5973,352
01-12-2019,APOLLO,14519,2800,28,560,123200,1120,6160,424
01-01-2020,APOLLO,11939,2450,24,490,107800,980,5390,336
01-02-2020,APOLLO,13554,2510,25,502,110440,1004,5522,400
01-03-2020,APOLLO,11355,2650,26,530,116600,1060,5830,318
01-04-2020,APOLLO,12550,2705,27,541,119020,1082,5951,408
01-05-2020,APOLLO,15008,2510,25,502,110440,1004,5522,410
01-06-2020,APOLLO,11018,2730,27,546,120120,1092,6006,489
01-07-2020,APOLLO,16214,2625,26,525,115500,1050,5775,412
01-08-2020,APOLLO,13572,2605,26,521,114620,1042,5731,449
01-09-2020,APOLLO,10259,2645,26,529,116380,1058,5819,482
01-10-2020,APOLLO,13933,2690,26,538,118360,1076,5918,423
01-11-2020,APOLLO,11702,2530,25,506,111320,1012,5566,465
01-12-2020,APOLLO,12657,2595,25,519,114180,1038,5709,417
01-01-2021,APOLLO,15045,2690,26,538,118360,1076,5918,329
01-02-2021,APOLLO,13414,2645,26,529,116380,1058,5819,336
01-03-2021,APOLLO,13508,2715,27,543,119460,1086,5973,321
01-04-2021,APOLLO,12769,2745,27,549,120780,1098,6039,439
01-05-2021,APOLLO,12637,2530,25,506,111320,1012,5566,352
01-06-2021,APOLLO,14494,2460,24,492,108240,984,5412,456
01-07-2021,APOLLO,12237,2555,25,511,112420,1022,5621,362
01-08-2021,APOLLO,13025,2755,27,551,121220,1102,6061,330
01-09-2021,APOLLO,11408,2800,28,560,123200,1120,6160,373
01-10-2021,APOLLO,11418,2660,26,532,117040,1064,5852,326
01-11-2021,APOLLO,13937,2740,27,548,120560,1096,6028,364
01-12-2021,APOLLO,12599,2805,28,561,123420,1122,6171,341
01-01-2022,APOLLO,11321,2840,28,568,124960,1136,6248,368
01-02-2022,APOLLO,11362,2615,26,523,115060,1046,5753,432
01-03-2022,APOLLO,11460,2645,26,529,116380,1058,5819,284
01-04-2022,APOLLO,13198,2740,27,548,120560,1096,6028,317
01-05-2022,APOLLO,13651,2510,25,502,110440,1004,5522,309
01-06-2022,APOLLO,13323,2790,27,558,122760,1116,6138,403
01-07-2022,APOLLO,12412,2480,24,496,109120,992,5456,415
01-08-2022,APOLLO,12294,2695,26,539,118580,1078,5929,372
01-09-2022,APOLLO,14651,2520,25,504,110880,1008,5544,389
01-10-2022,APOLLO,12427,2695,26,539,118580,1078,5929,321
01-11-2022,APOLLO,12697,2665,26,533,117260,1066,5863,320
01-12-2022,APOLLO,9917,2630,26,526,115720,1052,5786,351
01-01-2023,APOLLO,10473,2500,25,500,110000,1000,5500,278
01-02-2023,APOLLO,15061,2550,25,510,112200,1020,5610,339
01-03-2023,APOLLO,12765,2665,26,533,117260,1066,5863,301
01-04-2023,APOLLO,14877,2775,27,555,122100,1110,6105,270
01-05-2023,APOLLO,11384,2595,25,519,114180,1038,5709,318
01-06-2023,APOLLO,14100,2850,28,570,125400,1140,6270,420
01-07-2023,APOLLO,11889,2740,27,548,120560,1096,6028,361
01-08-2023,APOLLO,12775,2715,27,543,119460,1086,5973,321
01-09-2023,APOLLO,12504,2615,26,523,115060,1046,5753,405
01-10-2023,APOLLO,14476,2675,26,535,117700,1070,5885,393
01-11-2023,APOLLO,13317,2675,26,535,117700,1070,5885,343
01-12-2023,APOLLO,9409,2670,26,534,117480,1068,5874,381
01-01-2024,APOLLO,15179,2600,26,520,114400,1040,5720,329
01-02-2024,APOLLO,11551,2830,28,566,124520,1132,6226,351
01-03-2024,APOLLO,12861,2710,27,542,119240,1084,5962,283
01-04-2024,APOLLO,12502,2560,25,512,112640,1024,5632,333
01-05-2024,APOLLO,13940,2435,24,487,107140,974,5357,336
01-06-2024,APOLLO,13987,2670,26,534,117480,1068,5874,420
01-07-2024,APOLLO,12476,2675,26,535,117700,1070,5885,469
01-08-2024,APOLLO,10991,2685,26,537,118140,1074,5907,346
01-09-2024,APOLLO,11826,2640,26,528,116160,1056,5808,412
01-10-2024,APOLLO,11162,2695,26,539,118580,1078,5929,324
01-11-2024,APOLLO,12078,2580,25,516,113520,1032,5676,300
01-12-2024,APOLLO,11893,2610,26,522,114840,1044,5742,300
01-01-2019,JUPITER,4041,1314,8,219,39420,350,2190,124
01-02-2019,JUPITER,4996,1350,9,225,40500,360,2250,142
01-03-2019,JUPITER,3638,1266,8,211,37980,337,2110,113`
01-04-2019,JUPITER,4108,1230,8,205,36900,328,2050,113
01-05-2019,JUPITER,3754,1260,8,210,37800,336,2100,102
01-06-2019,JUPITER,3315,1308,8,218,39240,348,2180,162
01-07-2019,JUPITER,3106,1242,8,207,37260,331,2070,131
01-08-2019,JUPITER,3983,1200,8,200,36000,320,2000,155
01-09-2019,JUPITER,3529,1206,8,201,36180,321,2010,129
01-10-2019,JUPITER,3975,1284,8,214,38520,342,2140,140
01-11-2019,JUPITER,4179,1302,8,217,39060,347,2170,120
01-12-2019,JUPITER,3936,1320,8,220,39600,352,2200,133
01-01-2020,JUPITER,3623,1230,8,205,36900,328,2050,131
01-02-2020,JUPITER,3975,1284,8,214,38520,342,2140,137
01-03-2020,JUPITER,3465,1350,9,225,40500,360,2250,127
01-04-2020,JUPITER,4378,1212,8,202,36360,323,2020,161
01-05-2020,JUPITER,3152,1284,8,214,38520,342,2140,169
01-06-2020,JUPITER,3706,1224,8,204,36720,326,2040,175
01-07-2020,JUPITER,3758,1158,7,193,34740,308,1930,193
01-08-2020,JUPITER,3679,1254,8,209,37620,334,2090,206
01-09-2020,JUPITER,3858,1296,8,216,38880,345,2160,164
01-10-2020,JUPITER,4809,1272,8,212,38160,339,2120,149
01-11-2020,JUPITER,4331,1332,8,222,39960,355,2220,170
01-12-2020,JUPITER,4184,1194,7,199,35820,318,1990,133
01-01-2021,JUPITER,5254,1278,8,213,38340,340,2130,111
01-02-2021,JUPITER,4251,1290,8,215,38700,344,2150,121
01-03-2021,JUPITER,3882,1272,8,212,38160,339,2120,102
01-04-2021,JUPITER,4221,1308,8,218,39240,348,2180,164
01-05-2021,JUPITER,4579,1272,8,212,38160,339,2120,157
01-06-2021,JUPITER,4281,1272,8,212,38160,339,2120,162
01-07-2021,JUPITER,3931,1212,8,202,36360,323,2020,118
01-08-2021,JUPITER,4759,1374,9,229,41220,366,2290,154
01-09-2021,JUPITER,3656,1260,8,210,37800,336,2100,123
01-10-2021,JUPITER,4033,1326,8,221,39780,353,2210,140
01-11-2021,JUPITER,3578,1380,9,230,41400,368,2300,148
01-12-2021,JUPITER,4622,1206,8,201,36180,321,2010,128
01-01-2022,JUPITER,3897,1212,8,202,36360,323,2020,148
01-02-2022,JUPITER,3867,1302,8,217,39060,347,2170,130
01-03-2022,JUPITER,4025,1182,7,197,35460,315,1970,113
01-04-2022,JUPITER,4366,1248,8,208,37440,332,2080,126
01-05-2022,JUPITER,4080,1206,8,201,36180,321,2010,130
01-06-2022,JUPITER,4347,1182,7,197,35460,315,1970,112
01-07-2022,JUPITER,3801,1362,9,227,40860,363,2270,137
01-08-2022,JUPITER,3934,1176,7,196,35280,313,1960,134
01-09-2022,JUPITER,4512,1242,8,207,37260,331,2070,142
01-10-2022,JUPITER,4355,1236,8,206,37080,329,2060,122
01-11-2022,JUPITER,4123,1230,8,205,36900,328,2050,111
01-12-2022,JUPITER,3732,1212,8,202,36360,323,2020,131
01-01-2023,JUPITER,4018,1302,8,217,39060,347,2170,139
01-02-2023,JUPITER,3853,1284,8,214,38520,342,2140,134
01-03-2023,JUPITER,3323,1260,8,210,37800,336,2100,130
01-04-2023,JUPITER,3894,1236,8,206,37080,329,2060,120
01-05-2023,JUPITER,3671,1320,8,220,39600,352,2200,129
01-06-2023,JUPITER,4342,1248,8,208,37440,332,2080,153
01-07-2023,JUPITER,4544,1194,7,199,35820,318,1990,133
01-08-2023,JUPITER,4136,1260,8,210,37800,336,2100,149
01-09-2023,JUPITER,4034,1194,7,199,35820,318,1990,143
01-10-2023,JUPITER,3842,1290,8,215,38700,344,2150,150
01-11-2023,JUPITER,4136,1326,8,221,39780,353,2210,136
01-12-2023,JUPITER,4644,1320,8,220,39600,352,2200,139
01-01-2024,JUPITER,4339,1224,8,204,36720,326,2040,135
01-02-2024,JUPITER,4810,1314,8,219,39420,350,2190,117
01-03-2024,JUPITER,4329,1248,8,208,37440,332,2080,118
01-04-2024,JUPITER,4216,1278,8,213,38340,340,2130,96
01-05-2024,JUPITER,3304,1272,8,212,38160,339,2120,125
01-06-2024,JUPITER,5169,1434,9,239,43020,382,2390,143
01-07-2024,JUPITER,4915,1308,8,218,39240,348,2180,110
01-08-2024,JUPITER,4444,1224,8,204,36720,326,2040,147
01-09-2024,JUPITER,3227,1194,7,199,35820,318,1990,136
01-10-2024,JUPITER,4260,1146,7,191,34380,305,1910,123
01-11-2024,JUPITER,4133,1230,8,205,36900,328,2050,109
01-12-2024,JUPITER,4418,1218,8,203,36540,324,2030,131
01-01-2019,COOPER,6872,2010,13,335,60300,536,3350,176
01-02-2019,COOPER,5968,2226,14,371,66780,593,3710,215
01-03-2019,COOPER,6686,2208,14,368,66240,588,3680,168
01-04-2019,COOPER,8429,2106,14,351,63180,561,3510,197
01-05-2019,COOPER,6992,2124,14,354,63720,566,3540,189
01-06-2019,COOPER,7012,2118,14,353,63540,564,3530,224
01-07-2019,COOPER,6612,2154,14,359,64620,574,3590,242
01-08-2019,COOPER,6468,2028,13,338,60840,540,3380,196
01-09-2019,COOPER,6140,1932,12,322,57960,515,3220,182
01-10-2019,COOPER,6771,2082,13,347,62460,555,3470,174
01-11-2019,COOPER,6614,2136,14,356,64080,569,3560,201
01-12-2019,COOPER,7912,2112,14,352,63360,563,3520,221
01-01-2020,COOPER,6831,2118,14,353,63540,564,3530,213
01-02-2020,COOPER,7148,2082,13,347,62460,555,3470,187
01-03-2020,COOPER,5879,1974,13,329,59220,526,3290,170
01-04-2020,COOPER,7359,2016,13,336,60480,537,3360,248
01-05-2020,COOPER,7567,2154,14,359,64620,574,3590,266
01-06-2020,COOPER,7068,2022,13,337,60660,539,3370,219
01-07-2020,COOPER,6913,2064,13,344,61920,550,3440,246
01-08-2020,COOPER,7188,2064,13,344,61920,550,3440,272
01-09-2020,COOPER,7820,2034,13,339,61020,542,3390,249
01-10-2020,COOPER,7336,2202,14,367,66060,587,3670,239
01-11-2020,COOPER,6003,2190,14,365,65700,584,3650,225
01-12-2020,COOPER,7265,2208,14,368,66240,588,3680,240
01-01-2021,COOPER,6503,2040,13,340,61200,544,3400,213
01-02-2021,COOPER,7579,2244,14,374,67320,598,3740,236
01-03-2021,COOPER,5996,2082,13,347,62460,555,3470,189
01-04-2021,COOPER,6224,2214,14,369,66420,590,3690,248
01-05-2021,COOPER,7413,1974,13,329,59220,526,3290,227
01-06-2021,COOPER,6447,2058,13,343,61740,548,3430,289
01-07-2021,COOPER,6490,2064,13,344,61920,550,3440,250
01-08-2021,COOPER,7697,2112,14,352,63360,563,3520,204
01-09-2021,COOPER,5966,1998,13,333,59940,532,3330,221
01-10-2021,COOPER,7170,2184,14,364,65520,582,3640,180
01-11-2021,COOPER,7122,2124,14,354,63720,566,3540,166
01-12-2021,COOPER,7375,2094,13,349,62820,558,3490,176
01-01-2022,COOPER,7594,2112,14,352,63360,563,3520,234
01-02-2022,COOPER,5664,2028,13,338,60840,540,3380,215
01-03-2022,COOPER,7497,2220,14,370,66600,592,3700,209
01-04-2022,COOPER,6908,2046,13,341,61380,545,3410,206
01-05-2022,COOPER,6774,2244,14,374,67320,598,3740,205
01-06-2022,COOPER,6484,2148,14,358,64440,572,3580,206
01-07-2022,COOPER,6408,2190,14,365,65700,584,3650,203
01-08-2022,COOPER,7383,2088,13,348,62640,556,3480,243
01-09-2022,COOPER,7156,2262,15,377,67860,603,3770,211
01-10-2022,COOPER,6764,2076,13,346,62280,553,3460,222
01-11-2022,COOPER,7120,1992,13,332,59760,531,3320,225
01-12-2022,COOPER,7532,2178,14,363,65340,580,3630,224
01-01-2023,COOPER,6067,2208,14,368,66240,588,3680,206
01-02-2023,COOPER,7861,2130,14,355,63900,568,3550,182
01-03-2023,COOPER,7639,2058,13,343,61740,548,3430,203
01-04-2023,COOPER,6104,2070,13,345,62100,552,3450,191
01-05-2023,COOPER,7399,2292,15,382,68760,611,3820,186
01-06-2023,COOPER,6832,2088,13,348,62640,556,3480,249
01-07-2023,COOPER,8323,2034,13,339,61020,542,3390,233
01-08-2023,COOPER,7254,2040,13,340,61200,544,3400,208
01-09-2023,COOPER,7903,2280,15,380,68400,608,3800,217
01-10-2023,COOPER,7060,2130,14,355,63900,568,3550,212
01-11-2023,COOPER,8013,2142,14,357,64260,571,3570,203
01-12-2023,COOPER,8148,2220,14,370,66600,592,3700,261
01-01-2024,COOPER,5542,2118,14,353,63540,564,3530,219
01-02-2024,COOPER,6457,2268,15,378,68040,604,3780,189
01-03-2024,COOPER,7525,1920,12,320,57600,512,3200,155
01-04-2024,COOPER,6775,1908,12,318,57240,508,3180,212
01-05-2024,COOPER,6978,2022,13,337,60660,539,3370,194
01-06-2024,COOPER,7414,1974,13,329,59220,526,3290,168
01-07-2024,COOPER,7443,2052,13,342,61560,547,3420,209
01-08-2024,COOPER,7139,2010,13,335,60300,536,3350,215
01-09-2024,COOPER,7487,2052,13,342,61560,547,3420,215
01-10-2024,COOPER,6003,2292,15,382,68760,611,3820,188
01-11-2024,COOPER,6777,2034,13,339,61020,542,3390,185
01-12-2024,COOPER,7561,2238,14,373,67140,596,3730,221
01-01-2019,HBT,7733,2145,21,429,94380,858,4719,292
01-02-2019,HBT,10560,2295,22,459,100980,918,5049,297
01-03-2019,HBT,11627,2265,22,453,99660,906,4983,243
01-04-2019,HBT,10351,2330,23,466,102520,932,5126,335
01-05-2019,HBT,11224,2240,22,448,98560,896,4928,259
01-06-2019,HBT,11010,2290,22,458,100760,916,5038,302
01-07-2019,HBT,11284,2380,23,476,104720,952,5236,353
01-08-2019,HBT,11101,2315,23,463,101860,926,5093,307
01-09-2019,HBT,10116,2160,21,432,95040,864,4752,326
01-10-2019,HBT,11938,2140,21,428,94160,856,4708,283
01-11-2019,HBT,10643,2110,21,422,92840,844,4642,271
01-12-2019,HBT,8631,2215,22,443,97460,886,4873,289
01-01-2020,HBT,10045,2305,23,461,101420,922,5071,317
01-02-2020,HBT,10557,2365,23,473,104060,946,5203,336
01-03-2020,HBT,10381,2350,23,470,103400,940,5170,273
01-04-2020,HBT,11039,2235,22,447,98340,894,4917,412
01-05-2020,HBT,10162,2300,23,460,101200,920,5060,398
01-06-2020,HBT,9958,2110,21,422,92840,844,4642,434
01-07-2020,HBT,11062,2240,22,448,98560,896,4928,403
01-08-2020,HBT,11050,2230,22,446,98120,892,4906,404
01-09-2020,HBT,9147,2390,23,478,105160,956,5258,443
01-10-2020,HBT,8758,2225,22,445,97900,890,4895,314
01-11-2020,HBT,10651,2195,21,439,96580,878,4829,371
01-12-2020,HBT,9616,2275,22,455,100100,910,5005,373
01-01-2021,HBT,12588,2180,21,436,95920,872,4796,295
01-02-2021,HBT,12173,2345,23,469,103180,938,5159,303
01-03-2021,HBT,11164,2240,22,448,98560,896,4928,293
01-04-2021,HBT,12569,2305,23,461,101420,922,5071,377
01-05-2021,HBT,7958,2110,21,422,92840,844,4642,354
01-06-2021,HBT,11063,2200,22,440,96800,880,4840,436
01-07-2021,HBT,9993,2255,22,451,99220,902,4961,345
01-08-2021,HBT,10284,2295,22,459,100980,918,5049,310
01-09-2021,HBT,11318,2250,22,450,99000,900,4950,287
01-10-2021,HBT,11657,2210,22,442,97240,884,4862,275
01-11-2021,HBT,10031,2335,23,467,102740,934,5137,255
01-12-2021,HBT,9756,2205,22,441,97020,882,4851,305
01-01-2022,HBT,11131,2245,22,449,98780,898,4939,343
01-02-2022,HBT,10250,2275,22,455,100100,910,5005,278
01-03-2022,HBT,11188,2205,22,441,97020,882,4851,310
01-04-2022,HBT,10731,2210,22,442,97240,884,4862,283
01-05-2022,HBT,8179,2365,23,473,104060,946,5203,221
01-06-2022,HBT,9109,2345,23,469,103180,938,5159,257
01-07-2022,HBT,9622,2270,22,454,99880,908,4994,284
01-08-2022,HBT,10123,2255,22,451,99220,902,4961,288
01-09-2022,HBT,9583,2170,21,434,95480,868,4774,302
01-10-2022,HBT,8791,2320,23,464,102080,928,5104,302
01-11-2022,HBT,10279,2415,24,483,106260,966,5313,279
01-12-2022,HBT,11712,2030,20,406,89320,812,4466,307
01-01-2023,HBT,11361,2125,21,425,93500,850,4675,348
01-02-2023,HBT,10809,2270,22,454,99880,908,4994,286
01-03-2023,HBT,11344,2195,21,439,96580,878,4829,223
01-04-2023,HBT,10424,2375,23,475,104500,950,5225,313
01-05-2023,HBT,11763,2080,20,416,91520,832,4576,260
01-06-2023,HBT,9133,2250,22,450,99000,900,4950,363
01-07-2023,HBT,10737,2290,22,458,100760,916,5038,357
01-08-2023,HBT,9621,2265,22,453,99660,906,4983,347
01-09-2023,HBT,12338,2170,21,434,95480,868,4774,301
01-10-2023,HBT,10490,2335,23,467,102740,934,5137,307
01-11-2023,HBT,11333,2240,22,448,98560,896,4928,265
01-12-2023,HBT,11803,2145,21,429,94380,858,4719,287
01-01-2024,HBT,9633,2125,21,425,93500,850,4675,248
01-02-2024,HBT,9756,2195,21,439,96580,878,4829,305
01-03-2024,HBT,9167,2435,24,487,107140,974,5357,326
01-04-2024,HBT,11019,2175,21,435,95700,870,4785,262
01-05-2024,HBT,11454,2385,23,477,104940,954,5247,287
01-06-2024,HBT,10574,2115,21,423,93060,846,4653,317
01-07-2024,HBT,10936,2155,21,431,94820,862,4741,279
01-08-2024,HBT,9325,2210,22,442,97240,884,4862,305
01-09-2024,HBT,9074,2130,21,426,93720,852,4686,309
01-10-2024,HBT,10298,2230,22,446,98120,892,4906,263
01-11-2024,HBT,11214,2290,22,458,100760,916,5038,295
01-12-2024,HBT,12018,2145,21,429,94380,858,4719,297
